islenen_zaman,islem_sunucusu,log_id,log_level,type,payload
2026-06-02T13:36:03.483774+00:00,Node-1,b6d698c4-bcdf-4118-b205-44cc568d2477,FATAL,Access,"Unauthorized access attempt. Account: p***@yahoo.com. Profile data accessed: TCKN ***********, Saved Card ****-****-****-****"
2026-06-02T13:47:04.665632+00:00,Node-1,cb424c70-a877-433c-ae5b-25266cb41b60,FATAL,Access,"Unauthorized access attempt. Account: m***@hotmail.com. Profile data accessed: TCKN ********543, Saved Card ****-****-****-3175"
2026-06-02T13:56:51.728310+00:00,Node-1,1964a0c0-140d-49cb-81c4-80fecd07be6d,ERROR,Access,"Unauthorized access attempt. Account: f***@yahoo.com. Profile data accessed: TCKN ********259, Saved Card ****-****-****-7382"
2026-06-02T13:56:51.747140+00:00,Node-1,1e9952df-33f7-433c-a122-ce57bfc119e1,ERROR,Access,"Unauthorized access attempt. Account: b***@gmail.com. Profile data accessed: TCKN ********219, Saved Card ****-****-****-6273"
2026-06-02T13:56:51.781017+00:00,Node-1,d3c953e4-3d43-465c-b5af-30103beded64,ERROR,Access,"Unauthorized access attempt. Account: y***@yahoo.com. Profile data accessed: TCKN ********951, Saved Card ****-****-****-1779"
2026-06-02T13:56:51.839030+00:00,Node-1,9ce97994-35ec-4ac9-93c9-bd11bae03197,ERROR,Access,"Unauthorized access attempt. Account: m***@hotmail.com. Profile data accessed: TCKN ********316, Saved Card ****-****-****-4542"
2026-06-02T13:56:52.023849+00:00,Node-1,91bb3548-e076-48a2-a3ab-784e7433215d,FATAL,Access,"Unauthorized access attempt. Account: x***@gmail.com. Profile data accessed: TCKN ********677, Saved Card ****-****-****-4605"
2026-06-02T13:56:52.154452+00:00,Node-1,826384a5-9251-4365-8748-abe15fbb8173,FATAL,Access,"Unauthorized access attempt. Account: d***@yahoo.com. Profile data accessed: TCKN ********228, Saved Card ****-****-****-8467"
2026-06-02T13:56:52.165084+00:00,Node-1,8dc9466e-ae08-4d22-88c6-9b6fe3233e43,ERROR,Access,"Unauthorized access attempt. Account: q***@gmail.com. Profile data accessed: TCKN ********850, Saved Card ****-****-****-4090"
2026-06-02T13:56:52.223841+00:00,Node-1,5f79e53e-157a-4e1b-b5bf-6ff93bdebf90,ERROR,Access,"Unauthorized access attempt. Account: b***@yahoo.com. Profile data accessed: TCKN ********870, Saved Card ****-****-****-3625"
2026-06-02T13:56:52.263396+00:00,Node-1,5700339f-fd81-4d03-b109-b973847435d1,ERROR,Access,"Unauthorized access attempt. Account: b***@hotmail.com. Profile data accessed: TCKN ********561, Saved Card ****-****-****-0225"
2026-06-02T13:56:52.314044+00:00,Node-1,f950d24c-550e-47ce-880a-a7ca8c36e55f,ERROR,Access,"Unauthorized access attempt. Account: f***@exchange.local. Profile data accessed: TCKN ********946, Saved Card ****-****-****-9041"
2026-06-02T13:56:52.345720+00:00,Node-1,f88792e7-d800-4806-b4c4-04ecb7ccd0d2,FATAL,Access,"Unauthorized access attempt. Account: c***@gmail.com. Profile data accessed: TCKN ********187, Saved Card ****-****-****-9958"
2026-06-02T13:56:52.359720+00:00,Node-1,75789298-b795-47b7-9a1b-6eb3b1cb4f4f,FATAL,Access,"Unauthorized access attempt. Account: h***@exchange.local. Profile data accessed: TCKN ********479, Saved Card ****-****-****-5586"
2026-06-02T13:56:52.499124+00:00,Node-1,4c57e936-69f8-436c-89dd-b379f212ea89,ERROR,Access,"Unauthorized access attempt. Account: y***@hotmail.com. Profile data accessed: TCKN ********912, Saved Card ****-****-****-0659"
2026-06-02T13:56:52.535850+00:00,Node-1,bd034c88-5393-4b46-bc35-9b98abc9cb67,FATAL,Access,"Unauthorized access attempt. Account: o***@exchange.local. Profile data accessed: TCKN ********395, Saved Card ****-****-****-5182"
2026-06-02T13:56:52.547585+00:00,Node-1,1848ee6f-c180-4619-b742-87834a5e63cc,FATAL,Access,"Unauthorized access attempt. Account: h***@gmail.com. Profile data accessed: TCKN ********444, Saved Card ****-****-****-6695"
2026-06-02T13:56:52.644173+00:00,Node-1,7eec2141-43dc-4ae6-849c-33a780e1d14f,ERROR,Access,"Unauthorized access attempt. Account: v***@gmail.com. Profile data accessed: TCKN ********262, Saved Card ****-****-****-2151"
2026-06-02T13:56:52.714077+00:00,Node-1,f2222271-f7b4-4668-bc24-5c20a49b2f29,FATAL,Access,"Unauthorized access attempt. Account: j***@gmail.com. Profile data accessed: TCKN ********351, Saved Card ****-****-****-3460"
2026-06-02T13:56:52.727581+00:00,Node-1,8e8bbb65-14f7-4c6c-a0a0-ab484043643f,FATAL,Access,"Unauthorized access attempt. Account: q***@exchange.local. Profile data accessed: TCKN ********758, Saved Card ****-****-****-4323"
2026-06-02T13:56:52.749315+00:00,Node-1,10a55f2d-571d-4ee6-b08c-a9c4fc76959a,ERROR,Access,"Unauthorized access attempt. Account: y***@hotmail.com. Profile data accessed: TCKN ********157, Saved Card ****-****-****-2668"
2026-06-02T13:56:52.932626+00:00,Node-1,de556c46-12f9-4bc7-9128-55538e21e28c,ERROR,Access,"Unauthorized access attempt. Account: p***@exchange.local. Profile data accessed: TCKN ********419, Saved Card ****-****-****-6628"
2026-06-02T13:56:52.952158+00:00,Node-1,b06a47db-a6a8-42d2-b9d1-40f62568dd7a,FATAL,Access,"Unauthorized access attempt. Account: l***@hotmail.com. Profile data accessed: TCKN ********902, Saved Card ****-****-****-2081"
2026-06-02T13:56:52.973613+00:00,Node-1,2c0de13e-3dba-4118-b01d-f59d58754cfa,ERROR,Access,"Unauthorized access attempt. Account: p***@yahoo.com. Profile data accessed: TCKN ********827, Saved Card ****-****-****-7451"
2026-06-02T13:56:53.025260+00:00,Node-1,22f5f253-d4dd-427d-bdbc-646e5a9c050f,FATAL,Access,"Unauthorized access attempt. Account: e***@exchange.local. Profile data accessed: TCKN ********268, Saved Card ****-****-****-3672"
2026-06-02T13:56:53.061297+00:00,Node-1,d1391136-9742-424d-ae90-8600db38b380,ERROR,Access,"Unauthorized access attempt. Account: g***@gmail.com. Profile data accessed: TCKN ********846, Saved Card ****-****-****-7485"
2026-06-02T13:56:53.089119+00:00,Node-1,79515559-3f09-4fc3-83d9-d6ec772ec3d8,FATAL,Access,"Unauthorized access attempt. Account: s***@hotmail.com. Profile data accessed: TCKN ********430, Saved Card ****-****-****-1342"
2026-06-02T13:56:53.325118+00:00,Node-1,7a07513d-38e8-4d77-b4ec-96c1305c4795,FATAL,Access,"Unauthorized access attempt. Account: r***@yahoo.com. Profile data accessed: TCKN ********350, Saved Card ****-****-****-4344"
2026-06-02T13:56:53.450992+00:00,Node-1,ea365007-ede4-4e65-94c3-2f7c771c73d5,ERROR,Access,"Unauthorized access attempt. Account: p***@hotmail.com. Profile data accessed: TCKN ********546, Saved Card ****-****-****-8569"
2026-06-02T13:56:53.464563+00:00,Node-1,b5830187-04ee-48d9-8eb7-59b7372d8ae0,ERROR,Access,"Unauthorized access attempt. Account: s***@hotmail.com. Profile data accessed: TCKN ********814, Saved Card ****-****-****-6708"
2026-06-02T13:56:53.613006+00:00,Node-1,76f87013-623f-4c19-be58-6b0d8146cd01,ERROR,Access,"Unauthorized access attempt. Account: y***@exchange.local. Profile data accessed: TCKN ********438, Saved Card ****-****-****-6364"
2026-06-02T13:56:53.707703+00:00,Node-1,60a74585-9668-4c4c-8828-3bc78ef967ce,ERROR,Access,"Unauthorized access attempt. Account: p***@yahoo.com. Profile data accessed: TCKN ********727, Saved Card ****-****-****-7729"
2026-06-02T13:56:53.742147+00:00,Node-1,f2eeb368-890d-44ef-b50b-b8cb002d35b4,ERROR,Access,"Unauthorized access attempt. Account: t***@hotmail.com. Profile data accessed: TCKN ********618, Saved Card ****-****-****-5882"
2026-06-02T13:56:53.755586+00:00,Node-1,a853b350-2a61-486b-b747-d0f76b7e504e,FATAL,Access,"Unauthorized access attempt. Account: e***@yahoo.com. Profile data accessed: TCKN ********058, Saved Card ****-****-****-4049"
2026-06-02T13:56:53.826125+00:00,Node-1,6350039d-aa31-4c4d-8a5a-d6366cda2ed0,FATAL,Access,"Unauthorized access attempt. Account: u***@exchange.local. Profile data accessed: TCKN ********318, Saved Card ****-****-****-1538"
2026-06-02T13:56:53.839983+00:00,Node-1,e694b628-9100-43ce-a788-8b2fc36f6ece,FATAL,Access,"Unauthorized access attempt. Account: s***@gmail.com. Profile data accessed: TCKN ********799, Saved Card ****-****-****-1193"
2026-06-02T13:56:53.852610+00:00,Node-1,7031735d-3895-4832-8c2b-3c5750c2023b,FATAL,Access,"Unauthorized access attempt. Account: r***@hotmail.com. Profile data accessed: TCKN ********228, Saved Card ****-****-****-5621"
2026-06-02T13:56:54.159348+00:00,Node-1,0e9d3a4b-721d-4a52-947a-47d876965c3c,ERROR,Access,"Unauthorized access attempt. Account: t***@yahoo.com. Profile data accessed: TCKN ********308, Saved Card ****-****-****-8758"
2026-06-02T13:56:54.163427+00:00,Node-1,3a3a831a-5c04-4042-9b73-c421caa21984,FATAL,Access,"Unauthorized access attempt. Account: k***@gmail.com. Profile data accessed: TCKN ********515, Saved Card ****-****-****-1983"
2026-06-02T13:56:54.200479+00:00,Node-1,702bf372-c36a-412b-9bbc-5d218e457a42,FATAL,Access,"Unauthorized access attempt. Account: p***@gmail.com. Profile data accessed: TCKN ********823, Saved Card ****-****-****-1575"
2026-06-02T13:56:54.213923+00:00,Node-1,579383b7-aa17-4c9e-83bc-9d82345d9ccf,FATAL,Access,"Unauthorized access attempt. Account: v***@exchange.local. Profile data accessed: TCKN ********771, Saved Card ****-****-****-4685"
2026-06-02T13:56:54.242437+00:00,Node-1,c888ae2f-5a45-4ae5-ab89-b4ee34d2d978,ERROR,Access,"Unauthorized access attempt. Account: g***@exchange.local. Profile data accessed: TCKN ********393, Saved Card ****-****-****-8197"
2026-06-02T13:56:54.294713+00:00,Node-1,027e5b70-2480-4834-9e01-a6c6d4aad317,FATAL,Access,"Unauthorized access attempt. Account: r***@yahoo.com. Profile data accessed: TCKN ********517, Saved Card ****-****-****-3707"
2026-06-02T13:56:54.360647+00:00,Node-1,3256daa8-42f0-44bb-95ac-3f40a37c9615,ERROR,Access,"Unauthorized access attempt. Account: a***@hotmail.com. Profile data accessed: TCKN ********393, Saved Card ****-****-****-2217"
2026-06-02T13:56:54.374386+00:00,Node-1,e10c83d4-0d35-4fad-b6da-c6bd2e7a523a,FATAL,Access,"Unauthorized access attempt. Account: j***@gmail.com. Profile data accessed: TCKN ********799, Saved Card ****-****-****-5675"
2026-06-02T13:56:54.609186+00:00,Node-1,9018a93f-c90a-4043-9b32-6587bcf90715,ERROR,Access,"Unauthorized access attempt. Account: k***@gmail.com. Profile data accessed: TCKN ********858, Saved Card ****-****-****-3606"
2026-06-02T13:56:54.741838+00:00,Node-1,94ff80fb-9c85-41c8-a601-a9d7ea4f8f66,FATAL,Access,"Unauthorized access attempt. Account: h***@yahoo.com. Profile data accessed: TCKN ********793, Saved Card ****-****-****-1660"
2026-06-02T13:56:54.805759+00:00,Node-1,b34d3a04-a2e7-4116-87c8-7dcb609757ee,ERROR,Access,"Unauthorized access attempt. Account: f***@hotmail.com. Profile data accessed: TCKN ********946, Saved Card ****-****-****-0175"
2026-06-02T13:56:55.096814+00:00,Node-1,f05db56d-7d91-4933-97e0-5c226b05936f,FATAL,Access,"Unauthorized access attempt. Account: n***@gmail.com. Profile data accessed: TCKN ********829, Saved Card ****-****-****-7296"
2026-06-02T13:56:55.109746+00:00,Node-1,6817f046-14d6-4b58-9b4c-6bd8b295d4b3,ERROR,Access,"Unauthorized access attempt. Account: j***@exchange.local. Profile data accessed: TCKN ********625, Saved Card ****-****-****-3604"
2026-06-02T13:56:55.112107+00:00,Node-1,ff3cad11-2546-40a8-b5da-01975e2ec120,ERROR,Access,"Unauthorized access attempt. Account: h***@yahoo.com. Profile data accessed: TCKN ********599, Saved Card ****-****-****-8787"
2026-06-02T13:56:55.220409+00:00,Node-1,fbf39cb2-327c-4bfe-ac38-1ee58cdc22a4,ERROR,Access,"Unauthorized access attempt. Account: i***@yahoo.com. Profile data accessed: TCKN ********745, Saved Card ****-****-****-3175"
2026-06-02T13:56:55.471316+00:00,Node-1,675b502e-a317-43a2-9668-22a953a2c870,FATAL,Access,"Unauthorized access attempt. Account: m***@hotmail.com. Profile data accessed: TCKN ********896, Saved Card ****-****-****-6268"
2026-06-02T13:56:55.485626+00:00,Node-1,28d5cffc-6adf-4916-adf7-d7e8f1925689,ERROR,Access,"Unauthorized access attempt. Account: x***@yahoo.com. Profile data accessed: TCKN ********594, Saved Card ****-****-****-6499"
2026-06-02T13:56:55.615944+00:00,Node-1,446efd29-82c9-4a68-86b4-213798e735dd,ERROR,Access,"Unauthorized access attempt. Account: l***@exchange.local. Profile data accessed: TCKN ********886, Saved Card ****-****-****-8957"
2026-06-02T13:56:55.841821+00:00,Node-1,f0a569bb-c668-45e0-ba01-a93dbe4be239,FATAL,Access,"Unauthorized access attempt. Account: g***@yahoo.com. Profile data accessed: TCKN ********210, Saved Card ****-****-****-9980"
2026-06-02T13:56:55.895092+00:00,Node-1,7b939c0e-f507-44e7-b8c4-28febc0c2314,ERROR,Access,"Unauthorized access attempt. Account: o***@gmail.com. Profile data accessed: TCKN ********427, Saved Card ****-****-****-5750"
2026-06-02T13:56:55.950626+00:00,Node-1,074b6e59-e13a-44ed-a717-99182b2fbd1a,ERROR,Access,"Unauthorized access attempt. Account: g***@exchange.local. Profile data accessed: TCKN ********232, Saved Card ****-****-****-3173"
2026-06-02T13:56:56.103696+00:00,Node-1,4237c847-addc-4354-add6-497aa89c268b,FATAL,Access,"Unauthorized access attempt. Account: q***@hotmail.com. Profile data accessed: TCKN ********669, Saved Card ****-****-****-3137"
2026-06-02T13:56:56.138159+00:00,Node-1,35478f65-e2d4-4c88-be60-1ec6d28f839e,FATAL,Access,"Unauthorized access attempt. Account: j***@exchange.local. Profile data accessed: TCKN ********157, Saved Card ****-****-****-9180"
2026-06-02T13:56:56.172161+00:00,Node-1,92405f8a-6c1d-43df-99a5-6068532c7ef3,ERROR,Access,"Unauthorized access attempt. Account: x***@gmail.com. Profile data accessed: TCKN ********644, Saved Card ****-****-****-2153"
2026-06-02T13:56:56.561396+00:00,Node-1,ecea0ec9-2bd1-46b5-9723-f69399ecbbdf,FATAL,Access,"Unauthorized access attempt. Account: t***@yahoo.com. Profile data accessed: TCKN ********664, Saved Card ****-****-****-8595"
2026-06-02T13:57:36.631304+00:00,Node-1,884bb003-fddd-4130-b422-5b75b1fa0909,FATAL,Access,"Unauthorized access attempt. Account: m***@hotmail.com. Profile data accessed: TCKN ********558, Saved Card ****-****-****-8440"
2026-06-02T13:57:48.622921+00:00,Node-1,7ddacf78-0f31-4474-8af9-ba2fc8541abc,ERROR,Access,"Unauthorized access attempt. Account: h***@yahoo.com. Profile data accessed: TCKN ********538, Saved Card ****-****-****-9642"
2026-06-02T13:57:48.749138+00:00,Node-1,4ba84694-684f-447c-b349-0c0625f8b49d,ERROR,Access,"Unauthorized access attempt. Account: q***@gmail.com. Profile data accessed: TCKN ********989, Saved Card ****-****-****-4983"
2026-06-02T13:57:48.803692+00:00,Node-1,c5f5300a-d1c6-41dd-9b62-29aa38accbc7,ERROR,Access,"Unauthorized access attempt. Account: z***@yahoo.com. Profile data accessed: TCKN ********672, Saved Card ****-****-****-1856"
2026-06-02T13:57:48.990177+00:00,Node-1,cbb20c3d-7fb1-4f63-92c5-67ee1f69a760,ERROR,Access,"Unauthorized access attempt. Account: d***@yahoo.com. Profile data accessed: TCKN ********144, Saved Card ****-****-****-9453"
2026-06-02T13:57:49.017788+00:00,Node-1,9f00304f-7b6e-4193-bd7b-63ac0108fa2e,FATAL,Access,"Unauthorized access attempt. Account: x***@gmail.com. Profile data accessed: TCKN ********406, Saved Card ****-****-****-0562"
2026-06-02T13:57:49.087619+00:00,Node-1,b318e739-4389-498c-b035-b8f5f1a53d34,ERROR,Access,"Unauthorized access attempt. Account: k***@yahoo.com. Profile data accessed: TCKN ********563, Saved Card ****-****-****-8318"
2026-06-02T13:57:49.153941+00:00,Node-1,d5db7c3c-e51d-46b4-980a-1a7501b38598,FATAL,Access,"Unauthorized access attempt. Account: e***@gmail.com. Profile data accessed: TCKN ********605, Saved Card ****-****-****-1316"
2026-06-02T13:57:49.221042+00:00,Node-1,aee08b2e-c2ab-48ea-bd21-daeb9117e57c,ERROR,Access,"Unauthorized access attempt. Account: k***@exchange.local. Profile data accessed: TCKN ********429, Saved Card ****-****-****-1338"
2026-06-02T13:57:49.249064+00:00,Node-1,866b56ef-d1b7-4263-84d3-aeebd2457377,ERROR,Access,"Unauthorized access attempt. Account: r***@gmail.com. Profile data accessed: TCKN ********249, Saved Card ****-****-****-0101"
2026-06-02T13:57:49.289787+00:00,Node-1,03523388-2a67-4283-b504-720e6c3ecdac,ERROR,Access,"Unauthorized access attempt. Account: v***@hotmail.com. Profile data accessed: TCKN ********462, Saved Card ****-****-****-4527"
2026-06-02T13:57:49.408653+00:00,Node-1,a878fada-c5f0-4668-8d57-7291ba92bbd6,ERROR,Access,"Unauthorized access attempt. Account: r***@hotmail.com. Profile data accessed: TCKN ********934, Saved Card ****-****-****-2902"
2026-06-02T13:57:49.471813+00:00,Node-1,f95d1a3c-11d6-43ff-9a5d-d6c578381afc,ERROR,Access,"Unauthorized access attempt. Account: k***@gmail.com. Profile data accessed: TCKN ********857, Saved Card ****-****-****-4945"
2026-06-02T13:57:49.658990+00:00,Node-1,e086242e-ec3c-4f60-892e-dbe4c46ef934,ERROR,Access,"Unauthorized access attempt. Account: s***@hotmail.com. Profile data accessed: TCKN ********189, Saved Card ****-****-****-0184"
2026-06-02T13:57:49.685344+00:00,Node-1,03fba733-49e3-4215-aebe-f1c073938dd5,FATAL,Access,"Unauthorized access attempt. Account: b***@hotmail.com. Profile data accessed: TCKN ********834, Saved Card ****-****-****-2815"
2026-06-02T13:57:49.740966+00:00,Node-1,92333ef8-dddb-458f-98e2-e8ef0295d29b,ERROR,Access,"Unauthorized access attempt. Account: f***@hotmail.com. Profile data accessed: TCKN ********088, Saved Card ****-****-****-3284"
2026-06-02T13:57:49.768472+00:00,Node-1,e6cb31ea-f0a0-4893-aca9-5019e0905b05,ERROR,Access,"Unauthorized access attempt. Account: y***@yahoo.com. Profile data accessed: TCKN ********864, Saved Card ****-****-****-5699"
2026-06-02T13:57:49.867033+00:00,Node-1,a06a489e-753f-4de0-add3-45b1971a9c5f,FATAL,Access,"Unauthorized access attempt. Account: e***@hotmail.com. Profile data accessed: TCKN ********451, Saved Card ****-****-****-0211"
2026-06-02T13:57:49.935317+00:00,Node-1,5ffd0dc2-b243-49a5-81f5-be7f1955d537,FATAL,Access,"Unauthorized access attempt. Account: j***@hotmail.com. Profile data accessed: TCKN ********637, Saved Card ****-****-****-2318"
2026-06-02T13:57:50.032689+00:00,Node-1,ee47138b-04a3-4123-80ce-3bb45b714fdf,ERROR,Access,"Unauthorized access attempt. Account: p***@yahoo.com. Profile data accessed: TCKN ********136, Saved Card ****-****-****-2866"
2026-06-02T13:57:50.055240+00:00,Node-1,2bd5f615-85ca-41fa-b7a4-8fbed035d600,FATAL,Access,"Unauthorized access attempt. Account: o***@gmail.com. Profile data accessed: TCKN ********057, Saved Card ****-****-****-0698"
2026-06-02T13:57:50.312060+00:00,Node-1,9e87b3f8-b3c5-4568-b09a-f696fca0fa32,FATAL,Access,"Unauthorized access attempt. Account: s***@exchange.local. Profile data accessed: TCKN ********285, Saved Card ****-****-****-6720"
2026-06-02T13:57:50.352080+00:00,Node-1,40f71bd1-31ba-46bf-9764-8348e7f81952,FATAL,Access,"Unauthorized access attempt. Account: c***@exchange.local. Profile data accessed: TCKN ********924, Saved Card ****-****-****-2764"
2026-06-02T13:57:50.407839+00:00,Node-1,4cf3ea0b-1d45-4dca-b86d-d97efe74d4d4,FATAL,Access,"Unauthorized access attempt. Account: m***@gmail.com. Profile data accessed: TCKN ********506, Saved Card ****-****-****-1702"
2026-06-02T13:57:50.456966+00:00,Node-1,20876934-2567-4177-aa73-6ca09707d5e2,FATAL,Access,"Unauthorized access attempt. Account: z***@yahoo.com. Profile data accessed: TCKN ********451, Saved Card ****-****-****-6977"
2026-06-02T13:57:50.511633+00:00,Node-1,1f3e051f-6816-4e47-a630-9aefd9e45908,FATAL,Access,"Unauthorized access attempt. Account: z***@gmail.com. Profile data accessed: TCKN ********293, Saved Card ****-****-****-8611"
2026-06-02T13:57:50.525779+00:00,Node-1,df644a1f-5382-4833-9cdf-b78f7ce23fd4,ERROR,Access,"Unauthorized access attempt. Account: p***@gmail.com. Profile data accessed: TCKN ********009, Saved Card ****-****-****-5673"
2026-06-02T13:57:50.567128+00:00,Node-1,16ab4089-0ba8-4626-9a0f-78137f29cb49,ERROR,Access,"Unauthorized access attempt. Account: y***@hotmail.com. Profile data accessed: TCKN ********373, Saved Card ****-****-****-2131"
2026-06-02T13:57:50.598309+00:00,Node-1,682de058-71df-4d3f-b15f-c4ade7ab6376,ERROR,Access,"Unauthorized access attempt. Account: b***@yahoo.com. Profile data accessed: TCKN ********686, Saved Card ****-****-****-9772"
2026-06-02T13:57:50.624699+00:00,Node-1,8fc14cf8-564b-41fa-9515-11a8f2e33960,FATAL,Access,"Unauthorized access attempt. Account: l***@yahoo.com. Profile data accessed: TCKN ********761, Saved Card ****-****-****-5842"
2026-06-02T13:57:50.726452+00:00,Node-1,e30eddf4-306e-4268-bb97-4fa9578aed05,FATAL,Access,"Unauthorized access attempt. Account: t***@yahoo.com. Profile data accessed: TCKN ********392, Saved Card ****-****-****-7895"
2026-06-02T13:57:51.017244+00:00,Node-1,afb21c87-8ae9-4b01-ba6f-26dbc6fe0389,ERROR,Access,"Unauthorized access attempt. Account: v***@yahoo.com. Profile data accessed: TCKN ********326, Saved Card ****-****-****-8753"
2026-06-02T13:57:51.053098+00:00,Node-1,6a882b7c-678c-4a39-8a6f-4fce0e2353d6,ERROR,Access,"Unauthorized access attempt. Account: r***@exchange.local. Profile data accessed: TCKN ********701, Saved Card ****-****-****-1390"
2026-06-02T13:57:51.138462+00:00,Node-1,05f29eea-5873-4387-ac2c-1bc888edcd01,FATAL,Access,"Unauthorized access attempt. Account: y***@gmail.com. Profile data accessed: TCKN ********480, Saved Card ****-****-****-7864"
2026-06-02T13:57:51.326891+00:00,Node-1,3ea5aee8-0d94-465b-818f-f4bd85ddffbd,ERROR,Access,"Unauthorized access attempt. Account: n***@exchange.local. Profile data accessed: TCKN ********548, Saved Card ****-****-****-2626"
2026-06-02T13:57:51.453350+00:00,Node-1,266630cb-253f-4b51-a88b-2d1e7ddbe18d,FATAL,Access,"Unauthorized access attempt. Account: i***@exchange.local. Profile data accessed: TCKN ********395, Saved Card ****-****-****-3375"
2026-06-02T13:57:51.478406+00:00,Node-1,7d5ebc4a-fda0-4132-b3df-d56bc1e26b0f,ERROR,Access,"Unauthorized access attempt. Account: x***@yahoo.com. Profile data accessed: TCKN ********566, Saved Card ****-****-****-7286"
2026-06-02T13:57:51.508438+00:00,Node-1,dcce8ec9-9b69-481f-8eb7-c9625dcc7787,FATAL,Access,"Unauthorized access attempt. Account: t***@gmail.com. Profile data accessed: TCKN ********304, Saved Card ****-****-****-6204"
2026-06-02T13:57:51.539730+00:00,Node-1,150832f0-e438-4653-aeac-b024e3bbd7a9,FATAL,Access,"Unauthorized access attempt. Account: x***@gmail.com. Profile data accessed: TCKN ********808, Saved Card ****-****-****-4977"
2026-06-02T13:57:51.543523+00:00,Node-1,aa28a41d-bd5d-47bf-a565-571b2914a166,ERROR,Access,"Unauthorized access attempt. Account: a***@gmail.com. Profile data accessed: TCKN ********604, Saved Card ****-****-****-0553"
2026-06-02T13:57:51.650512+00:00,Node-1,4da15f9a-ed04-4751-916e-6eacacf242ef,ERROR,Access,"Unauthorized access attempt. Account: z***@exchange.local. Profile data accessed: TCKN ********183, Saved Card ****-****-****-0686"
2026-06-02T13:57:51.756579+00:00,Node-1,e1c3adcb-de11-4acd-bf51-deb399691768,ERROR,Access,"Unauthorized access attempt. Account: o***@gmail.com. Profile data accessed: TCKN ********277, Saved Card ****-****-****-0902"
2026-06-02T13:57:51.789527+00:00,Node-1,bee321b4-5224-4fb4-862f-813454506c4b,FATAL,Access,"Unauthorized access attempt. Account: v***@hotmail.com. Profile data accessed: TCKN ********433, Saved Card ****-****-****-4010"
2026-06-02T13:57:52.007887+00:00,Node-1,c69e9185-3f38-44d0-931b-531f472443c0,ERROR,Access,"Unauthorized access attempt. Account: r***@exchange.local. Profile data accessed: TCKN ********522, Saved Card ****-****-****-5021"
2026-06-02T13:57:52.122641+00:00,Node-1,e5fa5e27-dc57-44b1-83c0-d854848f4941,FATAL,Access,"Unauthorized access attempt. Account: l***@hotmail.com. Profile data accessed: TCKN ********454, Saved Card ****-****-****-6741"
2026-06-02T13:57:52.206202+00:00,Node-1,2fb1ecce-5f55-4971-b5fb-748d139ad015,FATAL,Access,"Unauthorized access attempt. Account: v***@hotmail.com. Profile data accessed: TCKN ********265, Saved Card ****-****-****-6400"
2026-06-02T13:57:52.246137+00:00,Node-1,2994b804-e610-4289-9026-f6a5c3a4f5c8,ERROR,Access,"Unauthorized access attempt. Account: k***@yahoo.com. Profile data accessed: TCKN ********636, Saved Card ****-****-****-0970"
2026-06-02T13:57:52.260442+00:00,Node-1,85a28099-ef88-4eca-83b6-0154c31fcf33,FATAL,Access,"Unauthorized access attempt. Account: c***@yahoo.com. Profile data accessed: TCKN ********106, Saved Card ****-****-****-6462"
2026-06-02T13:57:52.299112+00:00,Node-1,b5edf8f4-1b4e-4989-809c-57f87bf5a078,ERROR,Access,"Unauthorized access attempt. Account: i***@yahoo.com. Profile data accessed: TCKN ********995, Saved Card ****-****-****-8070"
2026-06-02T13:57:52.448031+00:00,Node-1,ca4b7ec4-9e6f-4948-9ba6-e24d3b431463,FATAL,Access,"Unauthorized access attempt. Account: c***@yahoo.com. Profile data accessed: TCKN ********182, Saved Card ****-****-****-4940"
2026-06-02T13:57:52.565878+00:00,Node-1,272ed6f9-7cee-4db7-ad62-85f1745c5635,FATAL,Access,"Unauthorized access attempt. Account: g***@hotmail.com. Profile data accessed: TCKN ********144, Saved Card ****-****-****-4651"
2026-06-02T13:57:52.698795+00:00,Node-1,d37c4caa-0898-4c60-8b83-bbababb14816,ERROR,Access,"Unauthorized access attempt. Account: j***@gmail.com. Profile data accessed: TCKN ********925, Saved Card ****-****-****-4823"
2026-06-02T13:57:52.712843+00:00,Node-1,50a5ce85-773a-4ac5-96f1-3b119a6639b4,FATAL,Access,"Unauthorized access attempt. Account: x***@hotmail.com. Profile data accessed: TCKN ********850, Saved Card ****-****-****-8744"
2026-06-02T13:57:52.783295+00:00,Node-1,fadf57da-85a5-41dd-80ad-ad346ac9958f,FATAL,Access,"Unauthorized access attempt. Account: n***@hotmail.com. Profile data accessed: TCKN ********066, Saved Card ****-****-****-6863"
2026-06-02T13:57:52.796464+00:00,Node-1,58dcf5bd-11af-4f3a-865c-d344f5dfc41e,ERROR,Access,"Unauthorized access attempt. Account: y***@exchange.local. Profile data accessed: TCKN ********177, Saved Card ****-****-****-2345"
2026-06-02T13:57:52.816488+00:00,Node-1,9e1d4ab6-a33e-49ed-ac30-a0ab51113f19,ERROR,Access,"Unauthorized access attempt. Account: i***@gmail.com. Profile data accessed: TCKN ********713, Saved Card ****-****-****-9194"
2026-06-02T13:57:52.833610+00:00,Node-1,ec9e4b4e-ccce-44f7-8b32-9be721afa246,FATAL,Access,"Unauthorized access attempt. Account: u***@yahoo.com. Profile data accessed: TCKN ********268, Saved Card ****-****-****-6954"
2026-06-02T13:57:52.835348+00:00,Node-1,f2eb1ab8-fea6-4a8f-baa6-ba0f0d3abf6f,ERROR,Access,"Unauthorized access attempt. Account: p***@exchange.local. Profile data accessed: TCKN ********912, Saved Card ****-****-****-6408"
2026-06-02T13:57:52.899583+00:00,Node-1,cc284669-b19a-49cc-8524-7315bbd06d28,FATAL,Access,"Unauthorized access attempt. Account: w***@gmail.com. Profile data accessed: TCKN ********287, Saved Card ****-****-****-0262"
2026-06-02T13:57:52.975281+00:00,Node-1,f2603b41-f210-4522-9f2d-10b95ce3f7ca,FATAL,Access,"Unauthorized access attempt. Account: u***@hotmail.com. Profile data accessed: TCKN ********160, Saved Card ****-****-****-3533"
2026-06-02T13:57:53.012075+00:00,Node-1,7fd1f8a1-5d47-41c2-8eeb-94d261279cec,ERROR,Access,"Unauthorized access attempt. Account: a***@gmail.com. Profile data accessed: TCKN ********517, Saved Card ****-****-****-0765"
2026-06-02T13:57:53.045816+00:00,Node-1,6c5daa23-47d5-428a-9c47-728288079c95,ERROR,Access,"Unauthorized access attempt. Account: n***@exchange.local. Profile data accessed: TCKN ********090, Saved Card ****-****-****-3171"
2026-06-02T13:57:53.094092+00:00,Node-1,67082d44-9318-471a-91b6-0cc8a16f17a3,FATAL,Access,"Unauthorized access attempt. Account: y***@hotmail.com. Profile data accessed: TCKN ********641, Saved Card ****-****-****-9855"
2026-06-02T13:57:53.131213+00:00,Node-1,aabe5cc9-5826-4803-bd9f-254f43c23545,ERROR,Access,"Unauthorized access attempt. Account: t***@yahoo.com. Profile data accessed: TCKN ********457, Saved Card ****-****-****-9498"
2026-06-02T13:57:53.198482+00:00,Node-1,835c2c5d-1db1-40d5-abc5-d2fd74edcbd1,FATAL,Access,"Unauthorized access attempt. Account: z***@gmail.com. Profile data accessed: TCKN ********978, Saved Card ****-****-****-8820"
2026-06-02T13:57:53.498489+00:00,Node-1,4800ef37-c7f1-4fa7-aed0-74dba7078cb4,FATAL,Access,"Unauthorized access attempt. Account: m***@exchange.local. Profile data accessed: TCKN ********442, Saved Card ****-****-****-3081"
2026-06-02T13:57:53.511425+00:00,Node-1,c0618243-abbc-4629-848c-5c07d442eb04,FATAL,Access,"Unauthorized access attempt. Account: e***@yahoo.com. Profile data accessed: TCKN ********950, Saved Card ****-****-****-8833"
2026-06-02T13:57:53.529192+00:00,Node-1,a0ad10cb-78e5-44bb-93e8-0ee667ec2128,FATAL,Access,"Unauthorized access attempt. Account: u***@exchange.local. Profile data accessed: TCKN ********347, Saved Card ****-****-****-1937"
2026-06-02T13:57:53.589597+00:00,Node-1,89b07d0a-12c1-4384-965a-c5aafe447404,ERROR,Access,"Unauthorized access attempt. Account: b***@exchange.local. Profile data accessed: TCKN ********632, Saved Card ****-****-****-5489"
2026-06-02T13:57:53.823182+00:00,Node-1,f68ab0d8-f8bd-4c80-b67a-5aa93d2243f4,ERROR,Access,"Unauthorized access attempt. Account: h***@yahoo.com. Profile data accessed: TCKN ********574, Saved Card ****-****-****-2677"
2026-06-02T13:57:53.864049+00:00,Node-1,7df0e607-a01e-4253-9176-1dd76b6625bb,ERROR,Access,"Unauthorized access attempt. Account: g***@gmail.com. Profile data accessed: TCKN ********877, Saved Card ****-****-****-1189"
2026-06-02T13:57:53.909938+00:00,Node-1,887fdeb9-5399-4d97-bc3f-436c9e531196,ERROR,Access,"Unauthorized access attempt. Account: p***@yahoo.com. Profile data accessed: TCKN ********534, Saved Card ****-****-****-3082"
2026-06-02T13:57:53.942064+00:00,Node-1,3344d0bc-3d6a-4689-a362-46cef0ad50d6,ERROR,Access,"Unauthorized access attempt. Account: c***@hotmail.com. Profile data accessed: TCKN ********676, Saved Card ****-****-****-6509"
2026-06-02T13:57:54.100797+00:00,Node-1,f1636c6f-ab50-4c65-ac43-eb2047c0e17b,FATAL,Access,"Unauthorized access attempt. Account: i***@yahoo.com. Profile data accessed: TCKN ********829, Saved Card ****-****-****-1998"
2026-06-02T13:57:54.113969+00:00,Node-1,d84c3274-0bd0-4ee2-81ae-022fe8ebf0d2,ERROR,Access,"Unauthorized access attempt. Account: h***@hotmail.com. Profile data accessed: TCKN ********940, Saved Card ****-****-****-7251"
2026-06-02T13:57:54.266760+00:00,Node-1,ac248301-193e-4deb-9c0f-205711a17d61,FATAL,Access,"Unauthorized access attempt. Account: h***@hotmail.com. Profile data accessed: TCKN ********424, Saved Card ****-****-****-9906"
2026-06-02T13:57:54.399655+00:00,Node-1,4d190347-e18f-4d53-92b3-147c3895d9d4,FATAL,Access,"Unauthorized access attempt. Account: o***@exchange.local. Profile data accessed: TCKN ********250, Saved Card ****-****-****-1332"
2026-06-02T13:57:54.437095+00:00,Node-1,2304518d-687c-453f-b69c-7530cf0b154e,ERROR,Access,"Unauthorized access attempt. Account: b***@gmail.com. Profile data accessed: TCKN ********512, Saved Card ****-****-****-8530"
2026-06-02T13:57:54.503883+00:00,Node-1,58428dd1-0eb9-47f9-9593-f91b459eea48,ERROR,Access,"Unauthorized access attempt. Account: e***@yahoo.com. Profile data accessed: TCKN ********615, Saved Card ****-****-****-4207"
2026-06-02T13:57:54.538440+00:00,Node-1,666f1c75-1ac2-425e-8dc4-4e5a7a8d2716,FATAL,Access,"Unauthorized access attempt. Account: s***@exchange.local. Profile data accessed: TCKN ********399, Saved Card ****-****-****-2045"
2026-06-02T13:57:54.594034+00:00,Node-1,4675c153-576b-4a1c-8e1f-1f9c381786ea,FATAL,Access,"Unauthorized access attempt. Account: t***@hotmail.com. Profile data accessed: TCKN ********798, Saved Card ****-****-****-8216"
2026-06-02T13:57:54.634862+00:00,Node-1,6c3a308b-fda4-448d-beaa-af607d3b9eeb,ERROR,Access,"Unauthorized access attempt. Account: n***@hotmail.com. Profile data accessed: TCKN ********956, Saved Card ****-****-****-4784"
2026-06-02T13:57:54.691184+00:00,Node-1,2805704f-d6c1-4b89-8bc2-1daa2e6aad12,FATAL,Access,"Unauthorized access attempt. Account: c***@gmail.com. Profile data accessed: TCKN ********959, Saved Card ****-****-****-4255"
2026-06-02T13:57:54.705133+00:00,Node-1,01992703-e1e2-435c-b2e9-9ce85ad85803,FATAL,Access,"Unauthorized access attempt. Account: h***@hotmail.com. Profile data accessed: TCKN ********659, Saved Card ****-****-****-4672"
2026-06-02T13:57:54.748815+00:00,Node-1,8a870f80-e04d-4ba5-9483-288e682992e4,ERROR,Access,"Unauthorized access attempt. Account: j***@exchange.local. Profile data accessed: TCKN ********303, Saved Card ****-****-****-0615"
2026-06-02T13:57:54.837649+00:00,Node-1,abca50bb-7561-4bfc-9f70-8b6c6e5d693c,ERROR,Access,"Unauthorized access attempt. Account: d***@gmail.com. Profile data accessed: TCKN ********061, Saved Card ****-****-****-8199"
2026-06-02T13:57:54.934057+00:00,Node-1,f0ecf11c-f2cf-4a40-bd45-0eaa1b95514c,ERROR,Access,"Unauthorized access attempt. Account: l***@yahoo.com. Profile data accessed: TCKN ********600, Saved Card ****-****-****-9375"
2026-06-02T13:57:55.087937+00:00,Node-1,28d3b468-492b-454c-a449-948d0c05bb23,ERROR,Access,"Unauthorized access attempt. Account: s***@exchange.local. Profile data accessed: TCKN ********856, Saved Card ****-****-****-3319"
2026-06-02T13:57:55.172817+00:00,Node-1,64d6f478-a82f-41a9-ab60-a44baba80708,ERROR,Access,"Unauthorized access attempt. Account: x***@gmail.com. Profile data accessed: TCKN ********135, Saved Card ****-****-****-8179"
2026-06-02T13:57:55.268106+00:00,Node-1,9aa89dd4-d4fc-4eac-b0ce-e603c29800f7,FATAL,Access,"Unauthorized access attempt. Account: b***@gmail.com. Profile data accessed: TCKN ********326, Saved Card ****-****-****-2128"
2026-06-02T13:57:55.281911+00:00,Node-1,843a7742-6a61-460b-810f-085b40c46dc6,ERROR,Access,"Unauthorized access attempt. Account: i***@yahoo.com. Profile data accessed: TCKN ********932, Saved Card ****-****-****-2679"
2026-06-02T13:57:55.379666+00:00,Node-1,2f2f8cf8-b74b-4a1c-b120-65ef80cf10fb,FATAL,Access,"Unauthorized access attempt. Account: e***@yahoo.com. Profile data accessed: TCKN ********301, Saved Card ****-****-****-1195"
2026-06-02T13:57:55.462431+00:00,Node-1,be5fb6fa-bb0f-4cb3-804a-5c93809fc857,FATAL,Access,"Unauthorized access attempt. Account: p***@hotmail.com. Profile data accessed: TCKN ********994, Saved Card ****-****-****-3826"
2026-06-02T13:57:55.503978+00:00,Node-1,e36e35f6-1f3f-405d-a4e8-df0671b10990,FATAL,Access,"Unauthorized access attempt. Account: u***@gmail.com. Profile data accessed: TCKN ********595, Saved Card ****-****-****-9902"
2026-06-02T13:57:55.572484+00:00,Node-1,463e81bc-aee6-4af6-a52b-045bb0f56bae,ERROR,Access,"Unauthorized access attempt. Account: v***@yahoo.com. Profile data accessed: TCKN ********193, Saved Card ****-****-****-6438"
2026-06-02T13:57:55.585850+00:00,Node-1,e970a2ea-27c1-4f9a-bad7-73affdf519f7,FATAL,Access,"Unauthorized access attempt. Account: f***@exchange.local. Profile data accessed: TCKN ********686, Saved Card ****-****-****-4359"
2026-06-02T13:57:55.620932+00:00,Node-1,4f56eb72-a0b5-4daf-866b-14d4a300a250,ERROR,Access,"Unauthorized access attempt. Account: p***@exchange.local. Profile data accessed: TCKN ********169, Saved Card ****-****-****-7540"
2026-06-02T13:57:55.649795+00:00,Node-1,051ee5bb-4a32-4097-b046-493b0bc64e2c,ERROR,Access,"Unauthorized access attempt. Account: n***@exchange.local. Profile data accessed: TCKN ********794, Saved Card ****-****-****-6876"
2026-06-02T13:57:55.711837+00:00,Node-1,8c054ea5-681d-4dcf-a1cd-468515183244,ERROR,Access,"Unauthorized access attempt. Account: m***@yahoo.com. Profile data accessed: TCKN ********619, Saved Card ****-****-****-8640"
2026-06-02T13:57:55.741817+00:00,Node-1,468b0e39-6b47-4364-9e1c-d863ae0fb87a,FATAL,Access,"Unauthorized access attempt. Account: k***@gmail.com. Profile data accessed: TCKN ********076, Saved Card ****-****-****-0060"
2026-06-02T13:57:55.778136+00:00,Node-1,2a080a4a-818d-4e69-a945-010c45e5a286,ERROR,Access,"Unauthorized access attempt. Account: b***@gmail.com. Profile data accessed: TCKN ********216, Saved Card ****-****-****-3686"
2026-06-02T13:57:55.801900+00:00,Node-1,e081cd05-9609-46da-b59a-111223149516,ERROR,Access,"Unauthorized access attempt. Account: u***@hotmail.com. Profile data accessed: TCKN ********696, Saved Card ****-****-****-4522"
2026-06-02T13:57:55.815240+00:00,Node-1,7ead61cc-ffcc-46b2-8bc7-952f587adda7,ERROR,Access,"Unauthorized access attempt. Account: j***@yahoo.com. Profile data accessed: TCKN ********062, Saved Card ****-****-****-9642"
2026-06-02T13:57:55.856714+00:00,Node-1,915ef7a4-f05b-45c9-97e4-84ac9c8d95d4,FATAL,Access,"Unauthorized access attempt. Account: o***@gmail.com. Profile data accessed: TCKN ********798, Saved Card ****-****-****-1082"
2026-06-02T13:57:55.968023+00:00,Node-1,1db3c831-256e-4998-9564-9b6618b294e0,FATAL,Access,"Unauthorized access attempt. Account: v***@exchange.local. Profile data accessed: TCKN ********229, Saved Card ****-****-****-6967"
2026-06-02T13:57:56.101768+00:00,Node-1,4aea1636-c139-4422-b6b0-08a583d01574,ERROR,Access,"Unauthorized access attempt. Account: y***@hotmail.com. Profile data accessed: TCKN ********830, Saved Card ****-****-****-1891"
2026-06-02T13:57:56.211945+00:00,Node-1,be012fbd-a311-4194-9442-202f7fd61588,FATAL,Access,"Unauthorized access attempt. Account: o***@exchange.local. Profile data accessed: TCKN ********975, Saved Card ****-****-****-4513"
2026-06-02T13:57:56.253515+00:00,Node-1,5c996119-c25a-4438-b521-9127d608a1ad,ERROR,Access,"Unauthorized access attempt. Account: a***@exchange.local. Profile data accessed: TCKN ********018, Saved Card ****-****-****-3148"
2026-06-02T13:57:56.281627+00:00,Node-1,04aeaee2-cb13-4478-8950-fc7a980c9b28,FATAL,Access,"Unauthorized access attempt. Account: v***@gmail.com. Profile data accessed: TCKN ********051, Saved Card ****-****-****-5240"
2026-06-02T13:57:56.315953+00:00,Node-1,b40e9d37-e490-4272-a074-d7eb7b0473d5,ERROR,Access,"Unauthorized access attempt. Account: q***@yahoo.com. Profile data accessed: TCKN ********046, Saved Card ****-****-****-8067"
2026-06-02T13:57:56.356696+00:00,Node-1,abb2c4d4-53b0-4346-8339-a42b13657a1d,ERROR,Access,"Unauthorized access attempt. Account: e***@hotmail.com. Profile data accessed: TCKN ********975, Saved Card ****-****-****-8322"
2026-06-02T13:57:56.420337+00:00,Node-1,caea7da4-af53-4e54-8fca-9c6b3a7aafd5,FATAL,Access,"Unauthorized access attempt. Account: g***@hotmail.com. Profile data accessed: TCKN ********587, Saved Card ****-****-****-9159"
2026-06-02T13:57:56.432649+00:00,Node-1,6e5b35bc-7598-4392-bd04-12601fbb011e,ERROR,Access,"Unauthorized access attempt. Account: k***@gmail.com. Profile data accessed: TCKN ********613, Saved Card ****-****-****-9953"
2026-06-02T13:57:56.516585+00:00,Node-1,07c46667-df96-4534-bfeb-1bee62aa6d90,ERROR,Access,"Unauthorized access attempt. Account: h***@gmail.com. Profile data accessed: TCKN ********359, Saved Card ****-****-****-0902"
2026-06-02T13:57:56.577208+00:00,Node-1,e5e782b6-93eb-46ab-822d-8499651df982,FATAL,Access,"Unauthorized access attempt. Account: x***@gmail.com. Profile data accessed: TCKN ********362, Saved Card ****-****-****-3421"
2026-06-02T13:57:56.627941+00:00,Node-1,acf2c4c9-bac6-4a99-a905-9d8b2f12b71f,ERROR,Access,"Unauthorized access attempt. Account: a***@gmail.com. Profile data accessed: TCKN ********644, Saved Card ****-****-****-9942"
2026-06-02T13:57:56.736044+00:00,Node-1,d8489d25-2af3-434d-91cb-f7935b58439e,ERROR,Access,"Unauthorized access attempt. Account: y***@hotmail.com. Profile data accessed: TCKN ********355, Saved Card ****-****-****-1379"
2026-06-02T13:57:56.765897+00:00,Node-1,433d51cd-0e37-46cf-a365-7045343354c8,FATAL,Access,"Unauthorized access attempt. Account: z***@gmail.com. Profile data accessed: TCKN ********429, Saved Card ****-****-****-9928"
2026-06-02T13:57:56.795219+00:00,Node-1,b23d044a-21bf-44d9-9041-b68da52e58e8,ERROR,Access,"Unauthorized access attempt. Account: s***@exchange.local. Profile data accessed: TCKN ********962, Saved Card ****-****-****-9226"
2026-06-02T13:57:56.826653+00:00,Node-1,1a38861f-b064-49b8-a40e-fa44234f7795,ERROR,Access,"Unauthorized access attempt. Account: p***@exchange.local. Profile data accessed: TCKN ********941, Saved Card ****-****-****-5955"
2026-06-02T13:57:56.906082+00:00,Node-1,49078219-ad39-4e71-9c9c-dc1f54419eb1,ERROR,Access,"Unauthorized access attempt. Account: j***@yahoo.com. Profile data accessed: TCKN ********666, Saved Card ****-****-****-3611"
2026-06-02T13:57:56.920179+00:00,Node-1,27207080-9219-4d62-b435-74295ad7991d,ERROR,Access,"Unauthorized access attempt. Account: v***@yahoo.com. Profile data accessed: TCKN ********988, Saved Card ****-****-****-3509"
